{
  "kline_daily_sz159105_d100": {
    "ts": 1784548388.2116466,
    "ttl": 0,
    "size": 8903
  },
  "kline_daily_sz159117_d100": {
    "ts": 1784548389.207082,
    "ttl": 0,
    "size": 8743
  },
  "kline_daily_sz159150_d100": {
    "ts": 1784548390.1917188,
    "ttl": 0,
    "size": 8752
  },
  "kline_daily_sz159157_d100": {
    "ts": 1784548391.144885,
    "ttl": 0,
    "size": 8941
  },
  "kline_daily_sz159187_d100": {
    "ts": 1784548392.1065185,
    "ttl": 0,
    "size": 6503
  },
  "kline_daily_sz159206_d100": {
    "ts": 1784548392.6244845,
    "ttl": 0,
    "size": 8954
  },
  "kline_daily_sz159213_d100": {
    "ts": 1784548393.4624655,
    "ttl": 0,
    "size": 8843
  },
  "kline_daily_sz159217_d100": {
    "ts": 1784548394.1709948,
    "ttl": 0,
    "size": 8950
  },
  "kline_daily_sz159227_d100": {
    "ts": 1784548394.8291152,
    "ttl": 0,
    "size": 8945
  },
  "kline_daily_sz159253_d100": {
    "ts": 1784548395.8309784,
    "ttl": 0,
    "size": 8771
  },
  "kline_daily_sz159259_d100": {
    "ts": 1784548396.87785,
    "ttl": 0,
    "size": 8908
  },
  "kline_daily_sz159260_d100": {
    "ts": 1784548397.529212,
    "ttl": 0,
    "size": 8801
  },
  "kline_daily_sz159326_d100": {
    "ts": 1784548398.0476892,
    "ttl": 0,
    "size": 8971
  },
  "kline_daily_sz159332_d100": {
    "ts": 1784548398.861169,
    "ttl": 0,
    "size": 8726
  },
  "kline_daily_sz159338_d100": {
    "ts": 1784548399.908685,
    "ttl": 0,
    "size": 9053
  },
  "kline_daily_sz159350_d100": {
    "ts": 1784548400.6651833,
    "ttl": 0,
    "size": 8845
  },
  "kline_daily_sz159399_d100": {
    "ts": 1784548401.4262855,
    "ttl": 0,
    "size": 8956
  },
  "kline_daily_sz159525_d100": {
    "ts": 1784548402.2731736,
    "ttl": 0,
    "size": 8817
  },
  "kline_daily_sz159530_d100": {
    "ts": 1784548403.1089802,
    "ttl": 0,
    "size": 8954
  },
  "kline_daily_sz159531_d100": {
    "ts": 1784548403.7604551,
    "ttl": 0,
    "size": 8888
  },
  "kline_daily_sz159539_d100": {
    "ts": 1784548404.6956992,
    "ttl": 0,
    "size": 8736
  },
  "kline_daily_sz159541_d100": {
    "ts": 1784548405.7601519,
    "ttl": 0,
    "size": 8762
  },
  "kline_daily_sz159558_d100": {
    "ts": 1784548406.693664,
    "ttl": 0,
    "size": 8946
  },
  "kline_daily_sz159562_d100": {
    "ts": 1784548407.3915145,
    "ttl": 0,
    "size": 8877
  },
  "kline_daily_sz159566_d100": {
    "ts": 1784548408.0955167,
    "ttl": 0,
    "size": 8939
  },
  "kline_daily_sz159591_d100": {
    "ts": 1784548408.972904,
    "ttl": 0,
    "size": 8833
  },
  "kline_daily_sz159592_d100": {
    "ts": 1784548409.9614394,
    "ttl": 0,
    "size": 8865
  },
  "kline_daily_sz159602_d100": {
    "ts": 1784548410.9166734,
    "ttl": 0,
    "size": 8809
  },
  "kline_daily_sz159605_d100": {
    "ts": 1784548411.7871523,
    "ttl": 0,
    "size": 8948
  },
  "kline_daily_sz159608_d100": {
    "ts": 1784548412.807918,
    "ttl": 0,
    "size": 8930
  },
  "kline_daily_sz159667_d100": {
    "ts": 1784548413.5744016,
    "ttl": 0,
    "size": 8907
  },
  "kline_daily_sz159681_d100": {
    "ts": 1784548414.5704901,
    "ttl": 0,
    "size": 8870
  },
  "kline_daily_sz159687_d100": {
    "ts": 1784548415.5548499,
    "ttl": 0,
    "size": 8907
  },
  "kline_daily_sz159736_d100": {
    "ts": 1784548416.1855648,
    "ttl": 0,
    "size": 8862
  },
  "kline_daily_sz159819_d100": {
    "ts": 1784548416.8704078,
    "ttl": 0,
    "size": 8938
  },
  "kline_daily_sz159837_d100": {
    "ts": 1784548417.716626,
    "ttl": 0,
    "size": 8866
  },
  "kline_daily_sz159852_d100": {
    "ts": 1784548418.3561845,
    "ttl": 0,
    "size": 8962
  },
  "kline_daily_sz159866_d100": {
    "ts": 1784548419.0895567,
    "ttl": 0,
    "size": 8908
  },
  "kline_daily_sz159870_d100": {
    "ts": 1784548420.0249195,
    "ttl": 0,
    "size": 9000
  },
  "kline_daily_sz159902_d100": {
    "ts": 1784548420.7501252,
    "ttl": 0,
    "size": 8723
  },
  "kline_daily_sz159915_d100": {
    "ts": 1784548421.6251218,
    "ttl": 0,
    "size": 9023
  },
  "kline_daily_sz159928_d100": {
    "ts": 1784548422.4831364,
    "ttl": 0,
    "size": 8947
  },
  "kline_daily_sz159941_d100": {
    "ts": 1784548423.4587932,
    "ttl": 0,
    "size": 8973
  },
  "kline_daily_sz159985_d100": {
    "ts": 1784548424.1382768,
    "ttl": 0,
    "size": 8914
  },
  "kline_daily_sz159995_d100": {
    "ts": 1784548425.1256337,
    "ttl": 0,
    "size": 8935
  },
  "kline_daily_sz159996_d100": {
    "ts": 1784548425.862997,
    "ttl": 0,
    "size": 8863
  },
  "kline_daily_sz163208_d100": {
    "ts": 1784548426.8657553,
    "ttl": 0,
    "size": 8843
  },
  "kline_daily_sh501018_d100": {
    "ts": 1784548427.767016,
    "ttl": 0,
    "size": 8927
  },
  "kline_daily_sh510050_d100": {
    "ts": 1784548428.4912617,
    "ttl": 0,
    "size": 8972
  },
  "kline_daily_sh510170_d100": {
    "ts": 1784548429.0474973,
    "ttl": 0,
    "size": 8832
  },
  "kline_daily_sh510230_d100": {
    "ts": 1784548429.550417,
    "ttl": 0,
    "size": 8855
  },
  "kline_daily_sh510300_d100": {
    "ts": 1784548430.3812342,
    "ttl": 0,
    "size": 8969
  },
  "kline_daily_sh510500_d100": {
    "ts": 1784548431.2567225,
    "ttl": 0,
    "size": 8921
  },
  "kline_daily_sh510660_d100": {
    "ts": 1784548432.198087,
    "ttl": 0,
    "size": 8737
  },
  "kline_daily_sh510880_d100": {
    "ts": 1784548433.1381116,
    "ttl": 0,
    "size": 8927
  },
  "kline_daily_sh510900_d100": {
    "ts": 1784548434.0372972,
    "ttl": 0,
    "size": 8939
  },
  "kline_daily_sh512010_d100": {
    "ts": 1784548434.6024334,
    "ttl": 0,
    "size": 9040
  },
  "kline_daily_sh512040_d100": {
    "ts": 1784548435.60198,
    "ttl": 0,
    "size": 8922
  },
  "kline_daily_sh512050_d100": {
    "ts": 1784548436.3610945,
    "ttl": 0,
    "size": 9047
  },
  "kline_daily_sh512100_d100": {
    "ts": 1784548437.0880468,
    "ttl": 0,
    "size": 8978
  },
  "kline_daily_sh512140_d100": {
    "ts": 1784548437.6802335,
    "ttl": 0,
    "size": 4428
  },
  "kline_daily_sh512170_d100": {
    "ts": 1784548438.540426,
    "ttl": 0,
    "size": 9062
  },
  "kline_daily_sh512200_d100": {
    "ts": 1784548439.532682,
    "ttl": 0,
    "size": 8919
  },
  "kline_daily_sh512290_d100": {
    "ts": 1784548440.384482,
    "ttl": 0,
    "size": 8899
  },
  "kline_daily_sh512400_d100": {
    "ts": 1784548441.1635997,
    "ttl": 0,
    "size": 8933
  },
  "kline_daily_sh512480_d100": {
    "ts": 1784548442.2225997,
    "ttl": 0,
    "size": 8965
  },
  "kline_daily_sh512660_d100": {
    "ts": 1784548443.1622534,
    "ttl": 0,
    "size": 8946
  },
  "kline_daily_sh512680_d100": {
    "ts": 1784548444.0926764,
    "ttl": 0,
    "size": 8858
  },
  "kline_daily_sh512690_d100": {
    "ts": 1784548445.1340744,
    "ttl": 0,
    "size": 9045
  },
  "kline_daily_sh512710_d100": {
    "ts": 1784548445.931208,
    "ttl": 0,
    "size": 8951
  },
  "kline_daily_sh512750_d100": {
    "ts": 1784548446.7521744,
    "ttl": 0,
    "size": 8719
  },
  "kline_daily_sh512760_d100": {
    "ts": 1784548447.5530922,
    "ttl": 0,
    "size": 8942
  },
  "kline_daily_sh512770_d100": {
    "ts": 1784548448.599965,
    "ttl": 0,
    "size": 8701
  },
  "kline_daily_sh512800_d100": {
    "ts": 1784548449.4025922,
    "ttl": 0,
    "size": 9000
  },
  "kline_daily_sh512880_d100": {
    "ts": 1784548450.1225595,
    "ttl": 0,
    "size": 9047
  },
  "kline_daily_sh512890_d100": {
    "ts": 1784548450.766214,
    "ttl": 0,
    "size": 8957
  },
  "kline_daily_sh512910_d100": {
    "ts": 1784548451.3304384,
    "ttl": 0,
    "size": 8801
  },
  "kline_daily_sh512950_d100": {
    "ts": 1784548452.2811718,
    "ttl": 0,
    "size": 8777
  },
  "kline_daily_sh513000_d100": {
    "ts": 1784548453.3007975,
    "ttl": 0,
    "size": 8866
  },
  "kline_daily_sh513010_d100": {
    "ts": 1784548453.677654,
    "ttl": 0,
    "size": 9055
  },
  "kline_daily_sh513030_d100": {
    "ts": 1784548454.471931,
    "ttl": 0,
    "size": 8866
  },