strategy,note,ann,mdd,sharpe,win,n
G_动量ATR双因子,(mom_z+atr_z)/2,0.1799937751570344,-0.4322455512640634,0.7407108819936427,0.5041269841269841,1575
A_纯动量TOP1,12天动量截面最强,0.17124139517084136,-0.3265944483340827,0.7161792132874425,0.4955640050697085,1578
B_低估值动量TOP1,val_score>0.5中选动量最强,0.17124139517084136,-0.3265944483340827,0.7161792132874425,0.4955640050697085,1578
E_动量+ATR>0.9,ATR过滤假突破,0.150790185746966,-0.4162924322582625,0.6508502230376809,0.49429657794676807,1578
