name,ann,mdd,sharpe,win,pos_pct
A_RSRS+估值Top1,0.005057203705030933,-0.1950200551263522,0.10360951605290773,0.23937823834196892,0.47564766839378236
B_RSRS+估值Top2,0.016169096225931767,-0.14362408519439204,0.20358515179197959,0.23626943005181347,0.47564766839378236
C_RSRS+低估过滤Top1,0.005057203705030933,-0.1950200551263522,0.10360951605290773,0.23937823834196892,0.47564766839378236
D_RSRS+C63动量Top1,0.014398921197996684,-0.18975634087136486,0.17262492108398966,0.2538860103626943,0.47564766839378236
E_RSRS+估值动量综合,0.04053880680577282,-0.1641050052488425,0.3947257813753629,0.24870466321243523,0.47564766839378236
F_RSRS+低估动量确认,0.04225678465090299,-0.14798564556369856,0.4244128426735117,0.23419689119170983,0.46528497409326425
G_纯估值Top1(无RSRS),0.05074299827918982,-0.4213815153725356,0.35873038682884245,0.48270787343635024,1.0
