name,ann,mdd,sharpe,win,pos_pct
A_RSRS+估值Top1,0.06391695304070577,-0.23705284775899946,0.449121981065642,0.24248704663212436,0.47564766839378236
B_RSRS+估值Top2,0.06130458151928986,-0.1740104424198969,0.4866809711512228,0.24145077720207253,0.47564766839378236
C_RSRS+低估过滤Top1,0.06391695304070577,-0.23705284775899946,0.449121981065642,0.24248704663212436,0.47564766839378236
D_RSRS+C63动量Top1,0.037406551985173175,-0.23355696994046196,0.3130765236007968,0.21036269430051813,0.42797927461139895
E_RSRS+估值动量综合,0.06391695304070577,-0.23705284775899946,0.449121981065642,0.24248704663212436,0.47564766839378236
F_RSRS+低估动量确认,0.02249580510064164,-0.17563063627722406,0.24499522935836232,0.20518134715025907,0.41968911917098445
G_纯估值Top1(无RSRS),0.14206308416904112,-0.444776124620652,0.7736542229626505,0.49852724594992637,1.0
