{
  "is_results": [
    [
      "Baseline(C+0.02)",
      {
        "ann_ret": 19.416537175306846,
        "total_ret": 186.06109984315736,
        "max_dd": -23.765710533910976,
        "sharpe": 0.9757714884650153,
        "win_rate": 54.72312703583062,
        "n_buys": 535,
        "n_sells": 532,
        "n_weeks": 308
      }
    ],
    [
      "+VD=4(VolDiv)",
      {
        "ann_ret": 18.873647593793375,
        "total_ret": 178.44390761104506,
        "max_dd": -16.830420013647384,
        "sharpe": 0.9973070952181203,
        "win_rate": 57.65472312703584,
        "n_buys": 643,
        "n_sells": 640,
        "n_weeks": 308
      }
    ],
    [
      "+VD=5(VolDiv)",
      {
        "ann_ret": 12.187064407737713,
        "total_ret": 97.61274525365013,
        "max_dd": -25.037823000853354,
        "sharpe": 0.6537679689683472,
        "win_rate": 56.02605863192183,
        "n_buys": 657,
        "n_sells": 654,
        "n_weeks": 308
      }
    ],
    [
      "+InvATR",
      {
        "ann_ret": 19.465085853283327,
        "total_ret": 186.75063075335473,
        "max_dd": -23.397953299229858,
        "sharpe": 0.9824058711665917,
        "win_rate": 54.72312703583062,
        "n_buys": 535,
        "n_sells": 532,
        "n_weeks": 308
      }
    ],
    [
      "+InvSqrtATR",
      {
        "ann_ret": 19.417271902610977,
        "total_ret": 186.07152480467298,
        "max_dd": -23.57919074901831,
        "sharpe": 0.9779798432415449,
        "win_rate": 54.72312703583062,
        "n_buys": 535,
        "n_sells": 532,
        "n_weeks": 308
      }
    ],
    [
      "+VD=4+InvATR",
      {
        "ann_ret": 18.216696874287376,
        "total_ret": 169.4525166107044,
        "max_dd": -16.51155198953723,
        "sharpe": 0.9693071913192934,
        "win_rate": 56.67752442996743,
        "n_buys": 643,
        "n_sells": 640,
        "n_weeks": 308
      }
    ],
    [
      "+KSFT(0.001)",
      {
        "ann_ret": 19.064555122771655,
        "total_ret": 181.10303782996547,
        "max_dd": -23.765710533911033,
        "sharpe": 0.9574919459000951,
        "win_rate": 54.72312703583062,
        "n_buys": 537,
        "n_sells": 534,
        "n_weeks": 308
      }
    ],
    [
      "+KSFT(0.002)",
      {
        "ann_ret": 17.95352223511535,
        "total_ret": 165.9189331201901,
        "max_dd": -23.93636385391984,
        "sharpe": 0.9030119857113527,
        "win_rate": 54.72312703583062,
        "n_buys": 539,
        "n_sells": 536,
        "n_weeks": 308
      }
    ],
    [
      "+VD=4+KSFT(0.001)",
      {
        "ann_ret": 18.74699573820344,
        "total_ret": 176.69135052835304,
        "max_dd": -16.830420013647384,
        "sharpe": 0.9913928277450464,
        "win_rate": 57.65472312703584,
        "n_buys": 643,
        "n_sells": 640,
        "n_weeks": 308
      }
    ]
  ],
  "oos_results": [
    [
      "Baseline(C+0.02)",
      {
        "ann_ret": 26.497750920407736,
        "total_ret": 123.58223367259788,
        "max_dd": -28.164328680208083,
        "sharpe": 0.9753251537012606,
        "win_rate": 57.06214689265536,
        "n_buys": 437,
        "n_sells": 434,
        "n_weeks": 178
      }
    ],
    [
      "+VD=4(VolDiv)",
      {
        "ann_ret": 18.02721952199191,
        "total_ret": 76.36017702762223,
        "max_dd": -28.599299074752892,
        "sharpe": 0.7182947504826671,
        "win_rate": 55.932203389830505,
        "n_buys": 452,
        "n_sells": 449,
        "n_weeks": 178
      }
    ],
    [
      "+VD=5(VolDiv)",
      {
        "ann_ret": 20.685735809245465,
        "total_ret": 90.33321032279483,
        "max_dd": -30.798745280896622,
        "sharpe": 0.8004435895018666,
        "win_rate": 55.932203389830505,
        "n_buys": 463,
        "n_sells": 460,
        "n_weeks": 178
      }
    ],
    [
      "+InvATR",
      {
        "ann_ret": 26.004169048585023,
        "total_ret": 120.61004583999906,
        "max_dd": -28.119265801315173,
        "sharpe": 0.9623617673760672,
        "win_rate": 57.06214689265536,
        "n_buys": 437,
        "n_sells": 434,
        "n_weeks": 178
      }
    ],
    [
      "+InvSqrtATR",
      {
        "ann_ret": 26.25294914341081,
        "total_ret": 122.10459855124714,
        "max_dd": -28.134792305011324,
        "sharpe": 0.9690765045622443,
        "win_rate": 57.6271186440678,
        "n_buys": 437,
        "n_sells": 434,
        "n_weeks": 178
      }
    ],
    [
      "+VD=4+InvATR",
      {
        "ann_ret": 18.648488746478755,
        "total_ret": 79.55820710854742,
        "max_dd": -27.261462422739292,
        "sharpe": 0.7422817804990814,
        "win_rate": 54.80225988700565,
        "n_buys": 452,
        "n_sells": 449,
        "n_weeks": 178
      }
    ],
    [
      "+KSFT(0.001)",
      {
        "ann_ret": 26.482634932950845,
        "total_ret": 123.49079186708968,
        "max_dd": -28.1937084004903,
        "sharpe": 0.9748642845455161,
        "win_rate": 57.06214689265536,
        "n_buys": 437,
        "n_sells": 434,
        "n_weeks": 178
      }
    ],
    [
      "+KSFT(0.002)",
      {
        "ann_ret": 26.09681614531729,
        "total_ret": 121.16579098696248,
        "max_dd": -28.1937084004903,
        "sharpe": 0.9635599360940463,
        "win_rate": 57.06214689265536,
        "n_buys": 437,
        "n_sells": 434,
        "n_weeks": 178
      }
    ],
    [
      "+VD=4+KSFT(0.001)",
      {
        "ann_ret": 18.676116241069685,
        "total_ret": 79.70136777951208,
        "max_dd": -27.740578810500537,
        "sharpe": 0.7425706130517365,
        "win_rate": 55.932203389830505,
        "n_buys": 452,
        "n_sells": 449,
        "n_weeks": 178
      }
    ]
  ],
  "best_idx": 1
}