{
  "is_results": [
    [
      "Baseline(C+0.02)",
      {
        "ann_ret": 19.416537175306825,
        "total_ret": 186.06109984315734,
        "max_dd": -23.765710533910976,
        "sharpe": 0.9757714884650145,
        "win_rate": 54.72312703583062,
        "n_buys": 535,
        "n_sells": 532,
        "n_weeks": 308
      }
    ],
    [
      "Baseline(C+0.02) NoDedup",
      {
        "ann_ret": 20.000732579841053,
        "total_ret": 194.45051278584575,
        "max_dd": -25.721788456579343,
        "sharpe": 0.953857804431962,
        "win_rate": 52.11726384364821,
        "n_buys": 546,
        "n_sells": 543,
        "n_weeks": 308
      }
    ],
    [
      "+VD=4(VolDiv)",
      {
        "ann_ret": 18.873647593793375,
        "total_ret": 178.44390761104512,
        "max_dd": -16.830420013647384,
        "sharpe": 0.9973070952181213,
        "win_rate": 57.65472312703584,
        "n_buys": 643,
        "n_sells": 640,
        "n_weeks": 308
      }
    ],
    [
      "NoDedup+VD=4",
      {
        "ann_ret": 20.4625496507018,
        "total_ret": 201.2263208693197,
        "max_dd": -26.740169582318618,
        "sharpe": 1.0139189231131631,
        "win_rate": 55.048859934853425,
        "n_buys": 660,
        "n_sells": 657,
        "n_weeks": 308
      }
    ]
  ],
  "oos_results": [
    [
      "Baseline(C+0.02)",
      {
        "ann_ret": 26.497750920407736,
        "total_ret": 123.58223367259788,
        "max_dd": -28.164328680208083,
        "sharpe": 0.9753251537012624,
        "win_rate": 57.06214689265536,
        "n_buys": 437,
        "n_sells": 434,
        "n_weeks": 178
      }
    ],
    [
      "Baseline(C+0.02) NoDedup",
      {
        "ann_ret": 34.92353780053534,
        "total_ret": 178.8048170517798,
        "max_dd": -28.796537216995656,
        "sharpe": 1.1566517281498356,
        "win_rate": 57.6271186440678,
        "n_buys": 436,
        "n_sells": 433,
        "n_weeks": 178
      }
    ],
    [
      "+VD=4(VolDiv)",
      {
        "ann_ret": 18.02721952199191,
        "total_ret": 76.36017702762223,
        "max_dd": -28.599299074752892,
        "sharpe": 0.7182947504826678,
        "win_rate": 55.932203389830505,
        "n_buys": 452,
        "n_sells": 449,
        "n_weeks": 178
      }
    ],
    [
      "NoDedup+VD=4",
      {
        "ann_ret": 17.79481694848912,
        "total_ret": 75.17430008612558,
        "max_dd": -34.86589704524845,
        "sharpe": 0.7058713422149663,
        "win_rate": 56.49717514124294,
        "n_buys": 456,
        "n_sells": 453,
        "n_weeks": 178
      }
    ]
  ],
  "best_idx": 3
}