{
  "test": "v4.8 + market breadth filter",
  "period": "OOS 2023-2026",
  "results": [
    {
      "label": "v4.8原版(无过滤)",
      "ann": 66.58905775956303,
      "sharpe": 2.0068368496624944,
      "max_dd": -16.676845952284815,
      "trades": 133,
      "bear_weeks": 0,
      "total_weeks": 167,
      "final": 521616.2156189738
    },
    {
      "label": "+沪深300过滤",
      "ann": 42.61050099027397,
      "sharpe": 1.6717140886694912,
      "max_dd": -14.796493797310362,
      "trades": 91,
      "bear_weeks": 56,
      "total_weeks": 167,
      "final": 316656.4976101862
    },
    {
      "label": "+中证500过滤",
      "ann": 30.895270317749123,
      "sharpe": 1.4202802552930067,
      "max_dd": -14.796493797310362,
      "trades": 75,
      "bear_weeks": 75,
      "total_weeks": 167,
      "final": 237413.70000865194
    },
    {
      "label": "+任一走熊空仓",
      "ann": 31.113587440897604,
      "sharpe": 1.4296592910499852,
      "max_dd": -14.796493797310362,
      "trades": 74,
      "bear_weeks": 76,
      "total_weeks": 167,
      "final": 238687.7413294737
    }
  ]
}